user_list,question_set_name,secret_access_code
101,question set 1,dfd
102,question set 1,dfd
103,question set 1,dfd
104,question set 1,dfd
105,question set 1,dfd
106,question set 1,
107,question set 1,
108,question set 1,
109,question set 1,
110,question set 1,
111,question set 1,
112,question set 1,
113,question set 1,
114,question set 1,
115,question set 1,
116,question set 1,
117,question set 1,
118,question set 1,
119,question set 1,
120,question set 1,
121,question set 1,
122,question set 1,
123,question set 1,
124,question set 1,
125,question set 1,
126,question set 1,
127,question set 1,
128,question set 1,
129,question set 1,
130,question set 1,
131,question set 1,
132,question set 1,
133,question set 1,
134,question set 1,
135,question set 1,
136,question set 1,
137,question set 1,
138,question set 1,
139,question set 1,
140,question set 1,
141,question set 1,
142,question set 1,
143,question set 1,
144,question set 1,
145,question set 1,
146,question set 1,
147,question set 1,
148,question set 1,
149,question set 1,
150,question set 1,
